"check_date","time_of_check","currency_name","coin_gecko_url","currency_website","currency_categories","currency_price","market_cap","trading_volume","market_cap_rank","all_time_high","all_time_low","one_day_low","one_day_high","seven_day_low","seven_day_high"
"2022-02-21","18:49:05","Bitcoin","https://www.coingecko.com/en/coins/bitcoin","https://www.bitcoin.org","['Cryptocurrency']","$37,793.41","$716,796,506,340","$21,202,880,082","#1","$69,044.77","$67.81","$37,500.99","$39,468.24","$37,557.60","$44,574.32"
"2022-02-21","18:49:05","Ethereum","https://www.coingecko.com/en/coins/ethereum","https://www.ethereum.org/","['Smart Contract Platform']","$2,625.32","$314,217,059,893","$16,222,374,964","#2","$4,878.26","$0.432979","$2,593.58","$2,754.63","$2,599.04","$3,179.30"
"2022-02-21","18:49:05","Tether","https://www.coingecko.com/en/coins/tether","https://tether.to/","['Moonbeam Ecosystem', 'Moonriver Ecosystem', 'Arbitrum Ecosystem', 'Fantom Ecosystem', 'Near Protocol Ecosystem', 'Polygon Ecosystem', 'Avalanche Ecosystem', 'BNB Chain Ecosystem', 'USD Stablecoin', 'Stablecoins']","$1.00","$79,275,573,728","$44,304,986,960","#3","$1.32","$0.572521","$0.995785","$1.01","$0.999551","$1.01"
"2022-02-21","18:49:05","BNB","https://www.coingecko.com/en/coins/bnb","https://www.binance.com/","['Moonriver Ecosystem', 'Polygon Ecosystem', 'Avalanche Ecosystem', 'Centralized Exchange Token (CEX)', 'BNB Chain Ecosystem', 'Exchange-based Tokens', 'Smart Contract Platform']","$369.75","$62,063,374,889","$1,372,104,433","#4","$686.31","$0.039817697188","$367.36","$393.88","$368.02","$432.82"
"2022-02-21","18:49:05","USD Coin","https://www.coingecko.com/en/coins/usd-coin","https://www.circle.com/en/usdc","['Moonbeam Ecosystem', 'Moonriver Ecosystem', 'Arbitrum Ecosystem', 'Fantom Ecosystem', 'Gnosis Chain Ecosystem', 'Near Protocol Ecosystem', 'Polygon Ecosystem', 'Avalanche Ecosystem', 'BNB Chain Ecosystem', 'USD Stablecoin', 'Stablecoins']","$1.00","$52,618,583,268","$3,675,513,662","#5","$1.17","$0.891848","$0.995458","$1.01","$0.998076","$1.00"
"2022-02-21","18:49:05","XRP","https://www.coingecko.com/en/coins/xrp","https://ripple.com/currency/","['Cryptocurrency']","$0.754237","$36,173,355,687","$4,019,936,070","#6","$3.40","$0.002686206662","$0.753154","$0.801716","$0.763669","$0.852479"
"2022-02-21","18:49:05","Cardano","https://www.coingecko.com/en/coins/cardano","https://www.cardano.org/en/home/","['Cardano Ecosystem', 'Smart Contract Platform']","$0.914592","$29,383,788,916","$1,353,332,787","#7","$3.09","$0.019252746946","$0.909662","$0.985941","$0.913346","$1.11"
"2022-02-21","18:49:05","Solana","https://www.coingecko.com/en/coins/solana","https://solana.com/","['Solana Ecosystem', 'Smart Contract Platform']","$86.74","$27,810,950,260","$2,068,722,896","#8","$259.96","$0.500801","$86.86","$95.91","$86.43","$104.84"
"2022-02-21","18:49:05","Terra","https://www.coingecko.com/en/coins/terra-luna","https://terra.money","['Fantom Ecosystem', 'Terra Ecosystem', 'Cosmos Ecosystem', 'Decentralized Finance (DeFi)', 'Smart Contract Platform']","$52.17","$20,331,379,769","$1,267,212,165","#9","$103.34","$0.121798","$48.94","$53.56","$47.80","$57.69"
"2022-02-21","18:49:05","Avalanche","https://www.coingecko.com/en/coins/avalanche","https://www.avax.network/","['Moonbeam Ecosystem', 'Moonriver Ecosystem', 'Avalanche Ecosystem', 'Smart Contract Platform']","$74.70","$18,317,428,808","$1,018,607,775","#10","$144.96","$2.80","$74.51","$82.56","$75.58","$98.25"
"2022-02-21","18:49:05","Binance USD","https://www.coingecko.com/en/coins/binance-usd","https://www.paxos.com/busd/","['Moonbeam Ecosystem', 'Moonriver Ecosystem', 'Harmony Ecosystem', 'Fantom Ecosystem', 'Polygon Ecosystem', 'Avalanche Ecosystem', 'BNB Chain Ecosystem', 'USD Stablecoin', 'Stablecoins']","$0.998483","$18,078,026,262","$3,244,155,646","#11","$1.15","$0.901127","$0.982592","$1.02","$0.987939","$1.01"
"2022-02-21","18:49:05","Polkadot","https://www.coingecko.com/en/coins/polkadot","https://polkadot.network/","['Polkadot Ecosystem', 'Smart Contract Platform']","$16.50","$17,946,259,111","$763,085,005","#12","$54.98","$2.70","$16.45","$17.70","$16.53","$20.17"
"2022-02-21","18:49:05","Dogecoin","https://www.coingecko.com/en/coins/dogecoin","http://dogecoin.com/","['Meme Tokens', 'BNB Chain Ecosystem', 'Cryptocurrency']","$0.135095","$17,909,801,647","$572,850,205","#13","$0.731578","$0.000086903757","$0.134702","$0.141085","$0.135358","$0.151772"
"2022-02-21","18:49:05","Shiba Inu","https://www.coingecko.com/en/coins/shiba-inu","https://shibatoken.com/","['Meme Tokens', 'BNB Chain Ecosystem']","$0.000025840687","$14,145,692,328","$1,198,411,952","#14","$0.000086158837","$0.000000000056","$0.000025128423","$0.000027510311","$0.000025171603","$0.000032209290"
"2022-02-21","18:49:05","TerraUSD","https://www.coingecko.com/en/coins/terra-usd","https://terra.money","['Terra Ecosystem', 'Seigniorage', 'USD Stablecoin', 'Stablecoins']","$1.00","$12,168,171,666","$373,225,772","#15","$1.09","$0.857992","$0.995411","$1.01","$0.999517","$1.01"
"2022-02-21","18:49:05","Polygon","https://www.coingecko.com/en/coins/polygon","https://polygon.technology/","['Moonbeam Ecosystem', 'Moonriver Ecosystem', 'Polygon Ecosystem', 'BNB Chain Ecosystem', 'Smart Contract Platform']","$1.49","$10,193,729,712","$1,087,794,787","#16","$2.92","$0.003143762979","$1.47","$1.61","$1.47","$1.86"
"2022-02-21","18:49:05","Cronos","https://www.coingecko.com/en/coins/cronos","https://www.crypto.com/en/chain","['Centralized Exchange Token (CEX)', 'Cosmos Ecosystem', 'Exchange-based Tokens']","$0.400707","$10,134,288,052","$125,707,932","#17","$0.965407","$0.012119597670","$0.392855","$0.421344","$0.394860","$0.502187"
"2022-02-21","18:49:05","Wrapped Bitcoin","https://www.coingecko.com/en/coins/wrapped-bitcoin","https://www.wbtc.network/","['Moonbeam Ecosystem', 'Moonriver Ecosystem', 'Arbitrum Ecosystem', 'Fantom Ecosystem', 'Gnosis Chain Ecosystem', 'Polygon Ecosystem', 'Avalanche Ecosystem', 'Wrapped-Tokens', 'Tokenized BTC']","$37,843.42","$9,937,371,368","$270,619,996","#18","$70,643.40","$3,139.17","$37,451.10","$39,446.11","$37,594.07","$44,552.36"
"2022-02-21","18:49:05","Dai","https://www.coingecko.com/en/coins/dai","https://makerdao.com/","['Moonbeam Ecosystem', 'Moonriver Ecosystem', 'Arbitrum Ecosystem', 'Fantom Ecosystem', 'Near Protocol Ecosystem', 'Polygon Ecosystem', 'Avalanche Ecosystem', 'BNB Chain Ecosystem', 'USD Stablecoin', 'Decentralized Finance (DeFi)', 'Stablecoins']","$1.00","$9,765,792,815","$336,470,282","#19","$1.22","$0.903243","$0.995286","$1.01","$0.998369","$1.00"
"2022-02-21","18:49:05","Litecoin","https://www.coingecko.com/en/coins/litecoin","https://litecoin.org","['Cryptocurrency']","$108.17","$7,545,663,314","$652,128,123","#20","$410.26","$1.15","$107.76","$114.55","$108.02","$131.73"
"2022-02-21","18:49:05","Cosmos","https://www.coingecko.com/en/coins/cosmos","http://cosmos.network/","['Cosmos Ecosystem', 'BNB Chain Ecosystem', 'Cryptocurrency']","$25.25","$7,299,463,812","$616,955,473","#21","$44.45","$1.16","$25.16","$27.28","$25.24","$30.47"
"2022-02-21","18:49:05","Chainlink","https://www.coingecko.com/en/coins/chainlink","https://chain.link/","['Cardano Ecosystem', 'Arbitrum Ecosystem', 'Fantom Ecosystem', 'Gnosis Chain Ecosystem', 'Near Protocol Ecosystem', 'Polygon Ecosystem', 'Avalanche Ecosystem', 'Solana Ecosystem', 'BNB Chain Ecosystem', 'Polkadot Ecosystem', 'Oracle', 'Decentralized Finance (DeFi)', 'Smart Contract Platform', 'Infrastructure', 'Business Services']","$14.14","$6,609,000,562","$575,385,743","#22","$52.70","$0.148183","$14.09","$15.31","$14.15","$17.35"
"2022-02-21","18:49:05","TRON","https://www.coingecko.com/en/coins/tron","https://tron.network","['Smart Contract Platform']","$0.061538502417","$6,267,598,040","$792,993,099","#23","$0.231673","$0.001804341635","$0.061566031508","$0.063741363468","$0.061458602091","$0.067035582008"
"2022-02-21","18:49:05","Near","https://www.coingecko.com/en/coins/near","https://nearprotocol.com/","['Near Protocol Ecosystem', 'Smart Contract Platform']","$9.01","$5,764,597,482","$315,891,377","#24","$20.44","$0.526762","$9.00","$9.81","$9.03","$11.69"
"2022-02-21","18:49:05","FTX Token","https://www.coingecko.com/en/coins/ftx-token","https://ftx.com","['Centralized Exchange Token (CEX)', 'Exchange-based Tokens']","$40.65","$5,614,158,660","$97,449,584","#25","$84.18","$1.15","$40.32","$42.53","$40.45","$47.18"
"2022-02-21","18:49:05","Bitcoin Cash","https://www.coingecko.com/en/coins/bitcoin-cash","https://bch.info/","['Cryptocurrency']","$294.67","$5,607,061,276","$1,224,275,085","#26","$3,785.82","$76.93","$293.50","$310.66","$294.28","$342.87"
"2022-02-21","18:49:05","Algorand","https://www.coingecko.com/en/coins/algorand","https://algorand.foundation/","['Smart Contract Platform', 'Cryptocurrency']","$0.828621","$5,488,112,304","$127,002,356","#27","$3.56","$0.105336","$0.825721","$0.879532","$0.828439","$1.00"
"2022-02-21","18:49:05","LEO Token","https://www.coingecko.com/en/coins/leo-token","https://www.bitfinex.com/","['Centralized Exchange Token (CEX)', 'Exchange-based Tokens']","$5.81","$5,415,301,235","$793,725","#28","$8.14","$0.799859","$5.73","$6.00","$5.53","$6.25"
"2022-02-21","18:49:05","Lido Staked Ether","https://www.coingecko.com/en/coins/lido-staked-ether","https://www.lido.fi","['Eth 2.0 Staking', 'Decentralized Finance (DeFi)']","$2,618.79","$4,991,045,496","$5,153,959","#29","$4,829.57","$482.90","$2,584.52","$2,750.55","$2,599.23","$3,180.53"
"2022-02-21","18:49:05","OKB","https://www.coingecko.com/en/coins/okb","https://www.okex.com/okb","['Centralized Exchange Token (CEX)', 'Exchange-based Tokens']","$18.82","$4,945,176,073","$65,468,771","#30","$44.01","$0.580608","$18.62","$19.37","$18.67","$21.65"
"2022-02-21","18:49:05","Stellar","https://www.coingecko.com/en/coins/stellar","https://www.stellar.org/","['Smart Contract Platform', 'Cryptocurrency']","$0.190513","$4,733,266,053","$305,075,244","#31","$0.875563","$0.000476123392","$0.189120","$0.201256","$0.189341","$0.225566"
"2022-02-21","18:49:05","Fantom","https://www.coingecko.com/en/coins/fantom","http://fantom.foundation","['Moonriver Ecosystem', 'Fantom Ecosystem', 'BNB Chain Ecosystem', 'Smart Contract Platform', 'Infrastructure']","$1.67","$4,250,286,804","$605,150,501","#32","$3.46","$0.001902269746","$1.66","$1.81","$1.67","$2.13"
"2022-02-21","18:49:05","Uniswap","https://www.coingecko.com/en/coins/uniswap","https://uniswap.org/","['Arbitrum Ecosystem', 'Gnosis Chain Ecosystem', 'Polygon Ecosystem', 'Avalanche Ecosystem', 'BNB Chain Ecosystem', 'Automated Market Maker (AMM)', 'Yield Farming', 'Governance', 'Decentralized Finance (DeFi)', 'Exchange-based Tokens', 'Decentralized Exchange Token (DEX)']","$9.07","$4,142,781,167","$199,425,992","#33","$44.92","$1.03","$9.03","$9.76","$9.04","$11.46"
"2022-02-21","18:49:05","Hedera","https://www.coingecko.com/en/coins/hedera","https://www.hedera.com/","['Protocol']","$0.210955","$4,093,129,439","$61,699,838","#34","$0.569229","$0.009861110424","$0.209507","$0.225275","$0.210577","$0.262817"
"2022-02-21","18:49:40","Decentraland","https://www.coingecko.com/en/coins/decentraland","https://decentraland.org/","['Play To Earn', 'Polygon Ecosystem', 'Metaverse', 'Non-Fungible Tokens (NFT)', 'Entertainment']","$2.66","$3,996,126,806","$929,645,709","#35","$5.85","$0.009236807947","$2.66","$2.96","$2.66","$3.37"
"2022-02-21","18:49:05","Internet Computer","https://www.coingecko.com/en/coins/internet-computer","https://dfinity.org/","['Smart Contract Platform']","$18.38","$3,799,547,789","$183,915,433","#36","$700.65","$18.21","$18.28","$19.42","$18.33","$22.26"
"2022-02-21","18:49:05","Axie Infinity","https://www.coingecko.com/en/coins/axie-infinity","https://axieinfinity.com/","['Play To Earn', 'Metaverse', 'Axie Infinity', 'Non-Fungible Tokens (NFT)', 'GameFi']","$51.18","$3,648,682,648","$361,574,480","#37","$164.90","$0.123718","$51.23","$56.14","$50.36","$65.50"
"2022-02-21","18:49:05","Ethereum Classic","https://www.coingecko.com/en/coins/ethereum-classic","http://ethereumclassic.org","['Smart Contract Platform']","$26.18","$3,491,031,614","$318,487,732","#38","$167.09","$0.615038","$26.20","$28.44","$26.31","$33.53"
"2022-02-21","18:49:05","The Sandbox","https://www.coingecko.com/en/coins/the-sandbox","https://www.sandbox.game/en/","['Play To Earn', 'Near Protocol Ecosystem', 'Polygon Ecosystem', 'Metaverse', 'Non-Fungible Tokens (NFT)', 'GameFi']","$3.11","$3,388,458,501","$821,636,815","#39","$8.40","$0.028977638794","$3.11","$3.43","$3.13","$4.41"
"2022-02-21","18:49:05","Elrond","https://www.coingecko.com/en/coins/elrond","https://elrond.com","['Smart Contract Platform', 'Protocol']","$154.46","$3,374,373,714","$157,638,133","#40","$545.64","$6.51","$151.75","$168.25","$152.59","$199.31"
"2022-02-21","18:49:05","Klaytn","https://www.coingecko.com/en/coins/klaytn","https://www.klaytn.foundation","[]","$1.25","$3,320,070,990","$43,050,117","#41","$4.34","$0.060439541714","$1.25","$1.30","$1.22","$1.36"
"2022-02-21","18:49:05","Filecoin","https://www.coingecko.com/en/coins/filecoin","https://filecoin.io/","['Storage', 'Infrastructure']","$19.50","$3,251,729,905","$285,954,257","#42","$236.84","$16.76","$19.13","$20.48","$19.19","$23.37"
"2022-02-21","18:49:05","VeChain","https://www.coingecko.com/en/coins/vechain","https://www.vechain.org","['Smart Contract Platform', 'Business Platform', 'Internet of Things (IOT)', 'Artificial Intelligence']","$0.047444810877","$3,166,970,529","$301,406,822","#43","$0.280991","$0.001917133347","$0.047409494356","$0.051675999609","$0.047602663285","$0.061512049830"
"2022-02-21","18:49:05","cDAI","https://www.coingecko.com/en/coins/compound-dai","https://compound.finance/","['Compound Tokens', 'Decentralized Finance (DeFi)', 'Asset-backed Tokens']","$0.021952899345","$2,932,394,150","$12,366,234","#44","$0.031590866707","$0.007288543746","$0.018506695591","$0.022173383424","$0.021775345525","$0.022004312429"
"2022-02-21","18:49:05","Theta Network","https://www.coingecko.com/en/coins/theta-network","https://www.thetatoken.org/","['Non-Fungible Tokens (NFT)', 'Entertainment']","$2.85","$2,843,852,004","$188,279,555","#45","$15.72","$0.040399794597","$2.84","$3.14","$2.85","$4.02"
"2022-02-21","18:49:05","Monero","https://www.coingecko.com/en/coins/monero","https://getmonero.org","['Privacy Coins']","$155.00","$2,800,769,715","$114,321,160","#46","$542.33","$0.216177","$151.61","$161.65","$152.12","$182.89"
"2022-02-21","18:49:05","ECOMI","https://www.coingecko.com/en/coins/ecomi","https://www.ecomi.com/","['Collectibles', 'Non-Fungible Tokens (NFT)']","$0.004784644121","$2,797,665,431","$5,475,068","#47","$0.013435720393","$0.000003370953","$0.004767802736","$0.005341020642","$0.004836339909","$0.006584954410"
"2022-02-21","18:49:05","Tezos","https://www.coingecko.com/en/coins/tezos","https://www.tezos.com/","['Smart Contract Platform']","$3.16","$2,782,983,289","$146,742,570","#48","$9.12","$0.350476","$3.15","$3.48","$3.16","$4.17"
"2022-02-21","18:49:05","Magic Internet Money","https://www.coingecko.com/en/coins/magic-internet-money","https://abracadabra.money/ ","['Moonriver Ecosystem', 'Arbitrum Ecosystem', 'Fantom Ecosystem', 'Polygon Ecosystem', 'Avalanche Ecosystem', 'Decentralized Finance (DeFi)', 'Stablecoins']","$0.993641","$2,768,188,977","$69,629,736","#49","$1.04","$0.919196","$0.984478","$1.00","$0.984478","$1.00"
"2022-02-21","18:50:06","cETH","https://www.coingecko.com/en/coins/compound-ether","https://compound.finance/","['Compound Tokens', 'Decentralized Finance (DeFi)', 'Asset-backed Tokens', 'Finance / Banking']","$52.61","$2,709,336,513","$14,981,766","#50","$97.75","$1.89","$51.88","$55.23","$52.19","$63.87"
"2022-02-21","18:49:05","Frax","https://www.coingecko.com/en/coins/frax","https://frax.finance","['Moonriver Ecosystem', 'Polygon Ecosystem', 'Avalanche Ecosystem', 'Seigniorage', 'BNB Chain Ecosystem', 'USD Stablecoin', 'Decentralized Finance (DeFi)', 'Stablecoins']","$0.999276","$2,650,654,065","$20,843,020","#51","$1.14","$0.891635","$0.994976","$1.01","$0.996111","$1.01"
"2022-02-21","18:49:05","cUSDC","https://www.coingecko.com/en/coins/compound-usd-coin","https://compound.finance/","['Compound Tokens', 'Decentralized Finance (DeFi)', 'Asset-backed Tokens', 'Finance / Banking']","$0.022555115266","$2,572,465,209","$13,652,011","#52","$0.058843413525","$0.006207054344","$0.022336985948","$0.022705778294","$0.022419694802","$0.022640529618"
"2022-02-21","18:49:05","Osmosis","https://www.coingecko.com/en/coins/osmosis","https://osmosis.zone/","['Cosmos Ecosystem', 'Automated Market Maker (AMM)', 'Decentralized Finance (DeFi)', 'Decentralized Exchange Token (DEX)']","$8.46","$2,562,279,991","$72,388,632","#53","$10.96","$1.24","$8.29","$8.86","$8.10","$9.31"
"2022-02-21","18:49:05","The Graph","https://www.coingecko.com/en/coins/the-graph","https://thegraph.com/","['Arbitrum Ecosystem', 'Gnosis Chain Ecosystem', 'Near Protocol Ecosystem', 'Polygon Ecosystem', 'Avalanche Ecosystem', 'Solana Ecosystem', 'BNB Chain Ecosystem', 'Analytics', 'Decentralized Finance (DeFi)', 'Infrastructure', 'Business Services']","$0.377614","$2,328,146,922","$114,454,963","#54","$2.84","$0.103254","$0.378116","$0.422860","$0.382954","$0.507922"
"2022-02-21","18:49:05","Helium","https://www.coingecko.com/en/coins/helium","https://www.helium.com/","['Internet of Things (IOT)', 'Communication']","$22.40","$2,254,877,081","$16,819,288","#55","$54.88","$0.113248","$22.17","$24.20","$22.26","$28.13"
"2022-02-21","18:49:43","EOS","https://www.coingecko.com/en/coins/eos","https://eos.io/","['Smart Contract Platform']","$2.18","$2,152,692,188","$311,373,834","#56","$22.71","$0.502400","$2.17","$2.28","$2.17","$2.58"
"2022-02-21","18:49:05","BitTorrent [OLD]","https://www.coingecko.com/en/coins/bittorrent-old","https://www.bittorrent.com/btt/","['BNB Chain Ecosystem', 'Storage', 'Protocol']","$0.001700697001","$2,106,847,046","$351,575","#57","$0.013566264635","$0.000138142882","$0.001510041968","$0.002009037045","$0.001312310799","$0.002238828492"
"2022-02-21","18:49:05","IOTA","https://www.coingecko.com/en/coins/iota","http://iota.org/","['Smart Contract Platform', 'Internet of Things (IOT)']","$0.747052","$2,081,335,883","$48,221,071","#58","$5.25","$0.081637373017","$0.745592","$0.825711","$0.747710","$0.914022"
"2022-02-21","18:49:05","PancakeSwap","https://www.coingecko.com/en/coins/pancakeswap","https://pancakeswap.finance/","['BNB Chain Ecosystem', 'Automated Market Maker (AMM)', 'Yield Farming', 'Governance', 'Decentralized Finance (DeFi)', 'Exchange-based Tokens', 'Decentralized Exchange Token (DEX)']","$7.13","$1,922,192,234","$114,549,590","#59","$43.96","$0.194441","$7.08","$7.77","$7.10","$8.40"
"2022-02-21","18:49:05","Theta Fuel","https://www.coingecko.com/en/coins/theta-fuel","https://www.thetatoken.org/","[]","$0.175572","$1,886,178,774","$75,531,267","#60","$0.681590","$0.000908039361","$0.172957","$0.196657","$0.172957","$0.231889"
"2022-02-21","18:49:05","BitTorrent","https://www.coingecko.com/en/coins/bittorrent","https://www.bittorrent.com/btt/","[]","$0.000001989894","$1,847,200,753","$95,677,930","#61","$0.000003431340","$0.000001783240","$0.000001960078","$0.000002057624","$0.000001964355","$0.000002226575"
"2022-02-21","18:49:05","Flow","https://www.coingecko.com/en/coins/flow","https://flow.com","['Non-Fungible Tokens (NFT)', 'Sports']","$5.57","$1,838,910,759","$112,092,224","#64","$42.40","$4.33","$5.56","$6.09","$5.57","$7.52"
"2022-02-21","18:49:05","Aave","https://www.coingecko.com/en/coins/aave","https://app.aave.com/?referral=93","['Near Protocol Ecosystem', 'Polygon Ecosystem', 'Avalanche Ecosystem', 'Lending/Borrowing', 'Yield Farming', 'Governance', 'Decentralized Finance (DeFi)']","$134.74","$1,837,552,896","$117,360,121","#63","$661.69","$26.02","$134.24","$144.77","$134.55","$173.45"
"2022-02-21","18:49:40","Gala","https://www.coingecko.com/en/coins/gala","https://gala.games/","['Play To Earn', 'Polygon Ecosystem', 'Non-Fungible Tokens (NFT)', 'GameFi']","$0.243590","$1,834,702,438","$958,182,043","#64","$0.824837","$0.000134749329","$0.243140","$0.274495","$0.248729","$0.354500"
"2022-02-21","18:49:05","Harmony","https://www.coingecko.com/en/coins/harmony","https://harmony.one/","['Harmony Ecosystem', 'Smart Contract Platform', 'Protocol']","$0.146275","$1,712,626,698","$99,861,293","#65","$0.379020","$0.001273552088","$0.143674","$0.160500","$0.143674","$0.196713"
"2022-02-21","18:49:05","Bitcoin SV","https://www.coingecko.com/en/coins/bitcoin-sv","https://bitcoinsv.com/","[]","$83.25","$1,581,361,872","$56,682,649","#66","$489.75","$42.02","$83.14","$86.82","$83.21","$97.71"
"2022-02-21","18:49:05","Maker","https://www.coingecko.com/en/coins/maker","https://makerdao.com/","['Near Protocol Ecosystem', 'Avalanche Ecosystem', 'Lending/Borrowing', 'Governance', 'Decentralized Finance (DeFi)']","$1,729.24","$1,556,031,120","$43,607,437","#67","$6,292.31","$168.36","$1,705.53","$1,858.49","$1,705.83","$2,170.27"
"2022-02-21","18:49:05","NEO","https://www.coingecko.com/en/coins/neo","https://neo.org/","['Smart Contract Platform']","$21.82","$1,539,223,076","$199,741,297","#68","$198.38","$0.078349400000","$21.81","$24.24","$20.87","$27.14"
"2022-02-21","18:49:05","Huobi BTC","https://www.coingecko.com/en/coins/huobi-btc","https://www.hbtc.finance/zh-cn/","['Tokenized BTC']","$37,969.75","$1,514,881,532","$126,279","#69","$69,325.07","$11,209.02","$37,684.12","$39,542.52","$37,630.89","$44,453.08"
"2022-02-21","18:49:05","Huobi Token","https://www.coingecko.com/en/coins/huobi-token","https://www.hbg.com","['Centralized Exchange Token (CEX)', 'Exchange-based Tokens']","$9.62","$1,502,567,148","$49,959,115","#70","$39.66","$0.908620","$9.49","$9.74","$9.47","$9.99"
"2022-02-21","18:49:05","Quant","https://www.coingecko.com/en/coins/quant","https://www.quant.network","['Protocol']","$112.96","$1,495,210,213","$92,761,959","#71","$427.42","$0.215773","$106.16","$127.94","$102.74","$133.41"
"2022-02-21","18:49:40","KuCoin Token","https://www.coingecko.com/en/coins/kucoin-shares","https://www.kucoin.com/ucenter/signup?rcode=e21sNJ","['Centralized Exchange Token (CEX)', 'Exchange-based Tokens']","$18.84","$1,439,852,074","$13,226,715","#72","$28.83","$0.342863","$18.71","$19.61","$18.77","$21.02"
"2022-02-21","18:49:05","TrueUSD","https://www.coingecko.com/en/coins/true-usd","https://trueusd.com/","['Arbitrum Ecosystem', 'Fantom Ecosystem', 'Near Protocol Ecosystem', 'Polygon Ecosystem', 'Avalanche Ecosystem', 'BNB Chain Ecosystem', 'USD Stablecoin', 'Stablecoins']","$1.00","$1,429,586,431","$86,272,713","#73","$1.62","$0.883550","$0.993057","$1.01","$0.993057","$1.01"
"2022-02-21","18:49:05","eCash","https://www.coingecko.com/en/coins/ecash","https://e.cash/","['Arbitrum Ecosystem']","$0.000073840870","$1,403,615,843","$16,179,139","#74","$0.000380013258","$0.000018469911","$0.000073520348","$0.000078269451","$0.000073681505","$0.000088636296"
"2022-02-21","18:49:05","Enjin Coin","https://www.coingecko.com/en/coins/enjin-coin","https://enjin.io/","['Metaverse', 'Non-Fungible Tokens (NFT)', 'GameFi', 'Entertainment']","$1.48","$1,381,634,055","$155,320,761","#75","$4.82","$0.018659642845","$1.47","$1.64","$1.48","$2.00"
"2022-02-21","18:49:40","Celsius Network","https://www.coingecko.com/en/coins/celsius-network-token","https://celsius.network/","['Lending/Borrowing', 'Business Services']","$3.19","$1,354,112,840","$3,026,751","#76","$8.05","$0.026202679501","$3.13","$3.28","$3.08","$3.61"
"2022-02-21","18:49:05","Humans.ai","https://www.coingecko.com/en/coins/humans-ai","https://humans.ai","[]","$0.138522","$1,309,127,902","$600,086","#77","$0.278557","$0.105344","$0.137925","$0.142756","$0.138846","$0.165911"
"2022-02-21","18:49:05","Zcash","https://www.coingecko.com/en/coins/zcash","https://z.cash/","['Privacy Coins']","$106.18","$1,290,799,550","$186,201,454","#78","$3,191.93","$19.75","$104.83","$115.03","$105.40","$129.45"
"2022-02-21","18:49:05","Stacks","https://www.coingecko.com/en/coins/stacks","http://stacks.co/","['Smart Contract Platform', 'Infrastructure']","$1.22","$1,289,647,084","$22,504,692","#79","$3.39","$0.045596392365","$1.20","$1.30","$1.20","$1.61"
"2022-02-21","18:49:05","Amp","https://www.coingecko.com/en/coins/amp","https://amptoken.org","['Governance', 'Decentralized Finance (DeFi)']","$0.026839293230","$1,287,726,808","$9,598,730","#80","$0.120813","$0.002505011846","$0.026811551764","$0.028826089377","$0.026982775370","$0.033386878742"
"2022-02-21","18:49:05","Radix","https://www.coingecko.com/en/coins/radix","https://www.radixdlt.com/","['Smart Contract Platform']","$0.129920","$1,274,682,270","$731,233","#81","$0.651264","$0.086235267822","$0.126095","$0.140781","$0.127209","$0.183928"
"2022-02-21","18:49:05","JUNO","https://www.coingecko.com/en/coins/juno-network","https://www.junonetwork.io/","[]","$28.75","$1,261,261,014","$9,399,644","#82","$32.12","$7.53","$27.11","$30.32","$27.05","$31.30"
"2022-02-21","18:49:05","Arweave","https://www.coingecko.com/en/coins/arweave","https://arweave.org/","['Storage']","$25.14","$1,259,743,336","$30,046,841","#83","$89.24","$0.298788","$25.04","$27.60","$25.09","$35.32"
"2022-02-21","18:49:05","BitDAO","https://www.coingecko.com/en/coins/bitdao","https://www.bitdao.io/","[]","$1.43","$1,233,492,855","$49,286,370","#84","$3.10","$1.18","$1.43","$1.51","$1.44","$1.79"
"2022-02-21","18:49:05","Kusama","https://www.coingecko.com/en/coins/kusama","https://kusama.network/","['Polkadot Ecosystem']","$133.09","$1,198,282,412","$45,448,633","#85","$621.71","$0.876572","$131.54","$144.26","$132.56","$176.98"
"2022-02-21","18:49:05","Frax Share","https://www.coingecko.com/en/coins/frax-share","https://frax.finance","['Moonriver Ecosystem', 'Olympus Pro', 'Arbitrum Ecosystem', 'Fantom Ecosystem', 'Polygon Ecosystem', 'Avalanche Ecosystem', 'Seigniorage', 'BNB Chain Ecosystem', 'Decentralized Finance (DeFi)']","$19.77","$1,140,996,818","$10,055,430","#86","$42.80","$1.50","$19.75","$21.96","$20.42","$27.32"
"2022-02-21","18:49:05","Convex Finance","https://www.coingecko.com/en/coins/convex-finance","https://www.convexfinance.com/","['Yield Aggregator', 'Decentralized Finance (DeFi)']","$22.09","$1,134,205,356","$7,300,329","#87","$60.09","$1.90","$22.08","$24.17","$22.39","$29.78"
"2022-02-21","18:49:05","THORChain","https://www.coingecko.com/en/coins/thorchain","https://thorchain.org/","['Cosmos Ecosystem', 'Decentralized Finance (DeFi)', 'Exchange-based Tokens', 'Infrastructure', 'Decentralized Exchange Token (DEX)']","$3.70","$1,115,824,011","$38,888,389","#88","$20.87","$0.008512638584","$3.62","$3.99","$3.64","$4.64"
"2022-02-21","18:49:05","Kadena","https://www.coingecko.com/en/coins/kadena","http://kadena.io","['Cosmos Ecosystem', 'Smart Contract Platform', 'Protocol']","$6.23","$1,069,400,316","$62,463,598","#89","$27.64","$0.065811370297","$6.11","$7.12","$6.11","$8.54"
"2022-02-21","18:49:05","NEXO","https://www.coingecko.com/en/coins/nexo","https://nexo.io/","['Fantom Ecosystem', 'Finance / Banking']","$1.91","$1,064,434,370","$3,983,174","#90","$4.07","$0.045152761714","$1.87","$1.99","$1.88","$2.27"
"2022-02-21","18:49:05","Pax Dollar","https://www.coingecko.com/en/coins/pax-dollar","https://www.paxos.com/standard/","['USD Stablecoin', 'Stablecoins']","$1.00","$1,032,208,564","$14,507,960","#91","$1.13","$0.863529","$0.994307","$1.01","$0.997880","$1.01"
"2022-02-21","18:49:05","Basic Attention Token","https://www.coingecko.com/en/coins/basic-attention-token","https://basicattentiontoken.org/","[]","$0.683518","$1,022,905,533","$79,096,418","#92","$1.90","$0.072393805600","$0.678996","$0.740344","$0.680145","$0.860680"
"2022-02-21","18:49:05","Celo","https://www.coingecko.com/en/coins/celo","https://celo.org/","['Celo Ecosystem']","$2.49","$1,014,331,326","$34,111,209","#93","$9.82","$0.800156","$2.46","$2.70","$2.46","$3.16"
"2022-02-21","18:49:05","Loopring","https://www.coingecko.com/en/coins/loopring","https://loopring.org/","['Decentralized Finance (DeFi)', 'Exchange-based Tokens', 'Decentralized Exchange Token (DEX)']","$0.795254","$992,247,851","$139,880,230","#94","$3.75","$0.019638932027","$0.793804","$0.863790","$0.796789","$0.986490"
"2022-02-21","18:49:05","Dash","https://www.coingecko.com/en/coins/dash","https://www.dash.org","['Masternodes', 'Cryptocurrency']","$93.12","$989,834,589","$205,535,706","#95","$1,493.59","$0.213899","$92.37","$101.53","$92.37","$118.40"
"2022-02-21","18:49:05","Curve DAO Token","https://www.coingecko.com/en/coins/curve-dao-token","https://www.curve.fi/","['Arbitrum Ecosystem', 'Gnosis Chain Ecosystem', 'Polygon Ecosystem', 'Automated Market Maker (AMM)', 'Yield Farming', 'Governance', 'Decentralized Finance (DeFi)', 'Exchange-based Tokens', 'Decentralized Exchange Token (DEX)']","$2.49","$978,416,678","$180,488,633","#96","$54.01","$0.331577","$2.48","$2.68","$2.49","$3.27"
"2022-02-21","18:49:05","Chiliz","https://www.coingecko.com/en/coins/chiliz","https://www.chiliz.com/","['Non-Fungible Tokens (NFT)', 'Sports']","$0.180460","$965,678,883","$83,601,278","#97","$0.878633","$0.004108874547","$0.180138","$0.197269","$0.180188","$0.229572"
"2022-02-21","18:49:05","GateToken","https://www.coingecko.com/en/coins/gatetoken","https://gatechain.io/","['Centralized Exchange Token (CEX)', 'Exchange-based Tokens']","$6.19","$938,797,728","$4,585,444","#98","$12.94","$0.257540","$6.13","$6.48","$6.14","$6.92"
"2022-02-21","18:49:05","Secret","https://www.coingecko.com/en/coins/secret","https://scrt.network","['Cosmos Ecosystem', 'Privacy Coins', 'Smart Contract Platform']","$5.60","$919,513,236","$16,145,599","#99","$10.38","$0.255219","$5.54","$5.93","$5.55","$6.83"
"2022-02-21","18:49:05","Waves","https://www.coingecko.com/en/coins/waves","https://waves.tech/","['Solana Ecosystem', 'Smart Contract Platform']","$9.11","$911,870,474","$183,192,121","#100","$43.01","$0.130878","$9.10","$10.36","$9.09","$11.14"
"2022-02-21","18:49:05","Mina Protocol","https://www.coingecko.com/en/coins/mina-protocol","https://minaprotocol.com/","[]","$2.26","$872,007,368","$52,026,658","#101","$9.09","$0.925536","$2.27","$2.56","$2.28","$2.90"
"2022-02-21","18:49:05","NEM","https://www.coingecko.com/en/coins/nem","https://nem.io/","[]","$0.095372437192","$859,942,041","$19,025,795","#102","$1.87","$0.000084816701","$0.095130234237","$0.102640","$0.095269415228","$0.116714"
"2022-02-21","18:49:05","Oasis Network","https://www.coingecko.com/en/coins/oasis-network","https://oasisprotocol.org/","['Cosmos Ecosystem', 'Smart Contract Platform']","$0.239304","$835,066,993","$106,625,241","#103","$0.597347","$0.032005662277","$0.236381","$0.262976","$0.238168","$0.319532"
"2022-02-21","18:49:05","Synthetix Network Token","https://www.coingecko.com/en/coins/synthetix-network-token","https://www.synthetix.io/","['Synthetic Issuer', 'Derivatives', 'Yield Farming', 'Governance', 'Decentralized Finance (DeFi)', 'Exchange-based Tokens', 'Decentralized Exchange Token (DEX)']","$3.90","$825,454,359","$46,801,302","#104","$28.53","$0.034786397307","$3.90","$4.24","$3.91","$5.07"
"2022-02-21","18:49:05","Holo","https://www.coingecko.com/en/coins/holo","https://holo.host/","['Storage', 'Smart Contract Platform']","$0.004467011359","$793,260,570","$54,135,267","#105","$0.031266822612","$0.000220198889","$0.004460133754","$0.004841297586","$0.004488403529","$0.005283193180"
"2022-02-21","18:49:05","Bitkub Coin","https://www.coingecko.com/en/coins/bitkub-coin","https://bitkubchain.com/","[]","$8.89","$788,758,104","$11,708,547","#106","$17.24","$0.381968","$8.56","$9.71","$8.42","$9.82"
"2022-02-21","18:49:05","cUSDT","https://www.coingecko.com/en/coins/compound-usdt","https://compound.finance/","['Compound Tokens', 'Asset-backed Tokens', 'Finance / Banking']","$0.021782344651","$765,859,379","$2,102,339","#107","$0.023423322944","$0.010283597144","$0.021682401460","$0.021992499781","$0.021687151052","$0.021921650794"
"2022-02-21","18:49:05","Compound","https://www.coingecko.com/en/coins/compound","https://compound.finance/governance/comp","['Lending/Borrowing', 'Yield Farming', 'Governance', 'Decentralized Finance (DeFi)']","$112.04","$739,772,442","$38,261,334","#108","$910.54","$61.32","$111.51","$119.70","$111.88","$137.23"
"2022-02-21","18:49:05","Decred","https://www.coingecko.com/en/coins/decred","https://www.decred.org/","['Governance', 'Privacy Coins', 'Cryptocurrency']","$53.34","$734,918,852","$4,401,430","#109","$247.35","$0.431540","$53.35","$59.22","$53.67","$70.87"
"2022-02-21","18:49:05","yearn.finance","https://www.coingecko.com/en/coins/yearn-finance","https://yearn.finance","['Arbitrum Ecosystem', 'Fantom Ecosystem', 'Gnosis Chain Ecosystem', 'Polygon Ecosystem', 'Avalanche Ecosystem', 'Yearn Ecosystem', 'Yield Aggregator', 'Yield Farming', 'Governance', 'Decentralized Finance (DeFi)']","$20,454.97","$731,111,248","$101,863,907","#110","$90,786.89","$31.65","$20,449.90","$21,914.43","$20,227.06","$24,438.58"
"2022-02-21","18:49:05","SafeMoon","https://www.coingecko.com/en/coins/safemoon","https://www.safemoon.net","['BNB Chain Ecosystem']","$0.001255841768","$726,442,370","$798,747","#111","$0.003382723655","$0.000370880416","$0.001152759248","$0.001454447400","$0.001220479877","$0.001778910252"
"2022-02-21","18:49:05","IoTeX","https://www.coingecko.com/en/coins/iotex","https://iotex.io","['IoTeX Ecosystem', 'Polygon Ecosystem', 'BNB Chain Ecosystem', 'Business Platform', 'Internet of Things (IOT)']","$0.076243584086","$720,592,207","$26,184,590","#112","$0.255593","$0.001215758077","$0.075535715121","$0.082606322110","$0.075538446627","$0.101170"
"2022-02-21","18:49:05","Pocket Network","https://www.coingecko.com/en/coins/pocket-network","https://www.pokt.network/","[]","$0.902860","$701,170,247","$3,327,049","#113","$3.11","$0.893529","$0.893529","$1.04","$0.895232","$1.30"
"2022-02-21","18:49:05","Smooth Love Potion","https://www.coingecko.com/en/coins/smooth-love-potion","https://axieinfinity.com/","['Play To Earn', 'Axie Infinity', 'Non-Fungible Tokens (NFT)', 'GameFi', 'Entertainment']","$0.019478389651","$691,241,328","$391,915,635","#114","$0.399727","$0.003127587348","$0.019411305931","$0.022288072770","$0.019452062188","$0.030628845394"
"2022-02-21","18:49:05","LINK","https://www.coingecko.com/en/coins/link","https://blockchain.line.me/","['Centralized Exchange Token (CEX)', 'Exchange-based Tokens', 'Smart Contract Platform', 'Cryptocurrency']","$114.93","$682,250,241","$1,796,005","#115","$345.88","$1.05","$110.54","$122.42","$110.54","$146.57"
"2022-02-21","18:49:05","Sushi","https://www.coingecko.com/en/coins/sushi","https://sushi.com/","['OEC Ecosystem', 'Arbitrum Ecosystem', 'Gnosis Chain Ecosystem', 'Polygon Ecosystem', 'Avalanche Ecosystem', 'Solana Ecosystem', 'Yearn Ecosystem', 'BNB Chain Ecosystem', 'Automated Market Maker (AMM)', 'Yield Farming', 'Governance', 'Decentralized Finance (DeFi)', 'Exchange-based Tokens', 'Decentralized Exchange Token (DEX)']","$3.50","$674,699,906","$119,298,070","#116","$23.38","$0.475381","$3.49","$3.78","$3.53","$4.42"
"2022-02-21","18:49:05","XDC Network","https://www.coingecko.com/en/coins/xdc-network","http://www.xinfin.io/","['Smart Contract Platform', 'Finance / Banking']","$0.052693478132","$647,848,669","$8,124,211","#117","$0.192754","$0.000395318144","$0.052595297515","$0.055656159792","$0.053630062106","$0.059433697556"
"2022-02-21","18:49:05","Qtum","https://www.coingecko.com/en/coins/qtum","https://qtum.org/en/","['Smart Contract Platform']","$6.03","$626,982,159","$125,701,947","#118","$100.22","$0.783142","$6.01","$6.52","$6.06","$7.94"
"2022-02-21","18:49:05","Anchor Protocol","https://www.coingecko.com/en/coins/anchor-protocol","https://anchorprotocol.com/","['Terra Ecosystem', 'Lending/Borrowing', 'Cosmos Ecosystem', 'Decentralized Finance (DeFi)']","$2.45","$626,476,991","$25,320,786","#119","$8.23","$1.26","$2.19","$2.48","$1.96","$2.64"
"2022-02-21","18:49:05","Olympus","https://www.coingecko.com/en/coins/olympus","https://olympusdao.finance/","['Rebase Tokens', 'Decentralized Finance (DeFi)', 'Asset-backed Tokens']","$55.46","$622,394,743","$14,883,346","#118","$1,415.26","$55.36","$55.36","$58.61","$55.66","$72.93"
"2022-02-21","18:49:05","renBTC","https://www.coingecko.com/en/coins/renbtc","https://renproject.io/","['Wrapped-Tokens', 'Tokenized BTC', 'Decentralized Finance (DeFi)', 'Asset-backed Tokens']","$37,766.73","$611,903,993","$776,987","#121","$68,977.19","$8,877.48","$37,431.59","$39,363.99","$37,255.50","$44,286.56"
"2022-02-21","18:49:05","Nexus Mutual","https://www.coingecko.com/en/coins/nexus-mutual","https://nexusmutual.io/","['Insurance', 'Decentralized Finance (DeFi)']","$88.21","$608,054,219","$42,716.21","#122","$185.97","$6.96","$86.98","$92.51","$87.77","$106.74"
"2022-02-21","18:49:05","Gnosis","https://www.coingecko.com/en/coins/gnosis","https://gnosis.io/","['Arbitrum Ecosystem', 'MEV Protection', 'Gnosis Chain Ecosystem', 'Prediction Markets', 'Decentralized Finance (DeFi)', 'Protocol', 'Decentralized Exchange Token (DEX)']","$324.84","$607,281,402","$1,725,477","#123","$644.20","$6.88","$321.18","$335.63","$321.77","$387.31"
"2022-02-21","18:49:05","1inch","https://www.coingecko.com/en/coins/1inch","https://1inch.io/","['Near Protocol Ecosystem', 'Polygon Ecosystem', 'Number', 'Avalanche Ecosystem', 'BNB Chain Ecosystem', 'Automated Market Maker (AMM)', 'Decentralized Finance (DeFi)', 'Exchange-based Tokens', 'Decentralized Exchange Token (DEX)']","$1.44","$600,047,967","$52,238,295","#124","$8.65","$0.767785","$1.44","$1.55","$1.44","$1.84"
"2022-02-21","18:49:05","Rally","https://www.coingecko.com/en/coins/rally","https://rally.io/","['Yield Farming', 'Social Money']","$0.242011","$596,744,295","$5,199,667","#125","$1.40","$0.045714426370","$0.240430","$0.256999","$0.229529","$0.404663"
"2022-02-21","18:49:05","Zilliqa","https://www.coingecko.com/en/coins/zilliqa","https://www.zilliqa.com/","['Zilliqa Ecosystem', 'BNB Chain Ecosystem', 'Smart Contract Platform']","$0.042149385926","$589,728,635","$38,520,007","#126","$0.255376","$0.002396159831","$0.041822656340","$0.045583741538","$0.041958505798","$0.051585454429"
"2022-02-21","18:49:05","Marinade staked SOL","https://www.coingecko.com/en/coins/marinade-staked-sol","https://marinade.finance/","['Solana Ecosystem']","$89.96","$585,731,199","$52,609,793","#127","$3,541.84","$42.40","$89.85","$98.93","$89.46","$108.08"
"2022-02-21","18:49:05","Livepeer","https://www.coingecko.com/en/coins/livepeer","https://livepeer.org/","[]","$23.38","$583,387,535","$15,455,873","#128","$99.03","$0.354051","$23.12","$25.30","$23.18","$29.10"
"2022-02-21","18:49:05","Bancor Network Token","https://www.coingecko.com/en/coins/bancor-network","https://www.bancor.network/","['Automated Market Maker (AMM)', 'Decentralized Finance (DeFi)', 'Exchange-based Tokens', 'Decentralized Exchange Token (DEX)']","$2.23","$575,320,785","$22,208,022","#129","$10.72","$0.120935","$2.22","$2.37","$2.22","$2.72"
"2022-02-21","18:49:05","Ravencoin","https://www.coingecko.com/en/coins/ravencoin","https://ravencoin.org/","['Cryptocurrency']","$0.054545856719","$571,824,155","$25,875,933","#130","$0.285218","$0.008932322954","$0.054593008391","$0.059967637585","$0.055211491395","$0.069930487315"
"check_date","time_of_check","currency_name","coin_gecko_url","currency_website","currency_categories","currency_price","market_cap","trading_volume","market_cap_rank","all_time_high","all_time_low","one_day_low","one_day_high","seven_day_low","seven_day_high"
"2022-02-21","18:56:25","Sombra","https://www.coingecko.com/en/coins/sombra-network","https://www.sombra.app/","[]","$0.053387329925","?","$13,667.87","N/A","$0.207805","$0.009673235379","$0.053185241498","$0.057263906378","$0.054511323289","$0.081401181469"
"check_date","time_of_check","currency_name","coin_gecko_url","currency_website","currency_categories","currency_price","market_cap","trading_volume","market_cap_rank","all_time_high","all_time_low","one_day_low","one_day_high","seven_day_low","seven_day_high"
"check_date","time_of_check","currency_name","coin_gecko_url","currency_website","currency_categories","currency_price","market_cap","trading_volume","market_cap_rank","all_time_high","all_time_low","one_day_low","one_day_high","seven_day_low","seven_day_high"
"2022-02-22","21:35:31","Bitcoin","https://www.coingecko.com/en/coins/bitcoin","https://www.bitcoin.org","['Cryptocurrency']","$38,058.13","$720,947,706,372","$24,263,743,540","#1","$69,044.77","$67.81","$36,545.57","$38,242.47","$36,629.47","$44,574.32"
"2022-02-22","21:35:31","Ethereum","https://www.coingecko.com/en/coins/ethereum","https://www.ethereum.org/","['Smart Contract Platform']","$2,619.99","$313,227,550,514","$18,825,230,268","#2","$4,878.26","$0.432979","$2,512.88","$2,653.97","$2,522.69","$3,179.30"
"2022-02-22","21:35:31","Tether","https://www.coingecko.com/en/coins/tether","https://tether.to/","['Moonbeam Ecosystem', 'Moonriver Ecosystem', 'Arbitrum Ecosystem', 'Fantom Ecosystem', 'Near Protocol Ecosystem', 'Polygon Ecosystem', 'Avalanche Ecosystem', 'BNB Chain Ecosystem', 'USD Stablecoin', 'Stablecoins']","$1.00","$79,458,755,785","$50,688,727,323","#3","$1.32","$0.572521","$0.994907","$1.01","$0.999551","$1.01"
"2022-02-22","21:35:31","BNB","https://www.coingecko.com/en/coins/bnb","https://www.binance.com/","['Moonriver Ecosystem', 'Polygon Ecosystem', 'Avalanche Ecosystem', 'Centralized Exchange Token (CEX)', 'BNB Chain Ecosystem', 'Exchange-based Tokens', 'Smart Contract Platform']","$372.48","$62,571,993,627","$1,753,187,257","#4","$686.31","$0.039817697188","$351.24","$373.18","$352.04","$432.43"
"2022-02-22","21:35:31","USD Coin","https://www.coingecko.com/en/coins/usd-coin","https://www.circle.com/en/usdc","['Moonbeam Ecosystem', 'Moonriver Ecosystem', 'Arbitrum Ecosystem', 'Fantom Ecosystem', 'Gnosis Chain Ecosystem', 'Near Protocol Ecosystem', 'Polygon Ecosystem', 'Avalanche Ecosystem', 'BNB Chain Ecosystem', 'USD Stablecoin', 'Stablecoins']","$1.00","$52,750,452,069","$3,869,599,635","#5","$1.17","$0.891848","$0.991194","$1.00","$0.995854","$1.00"
"2022-02-22","21:35:31","XRP","https://www.coingecko.com/en/coins/xrp","https://ripple.com/currency/","['Cryptocurrency']","$0.711186","$34,079,713,736","$4,681,046,460","#6","$3.40","$0.002686206662","$0.680617","$0.759864","$0.680617","$0.852479"
"2022-02-22","21:35:31","Cardano","https://www.coingecko.com/en/coins/cardano","https://www.cardano.org/en/home/","['Cardano Ecosystem', 'Smart Contract Platform']","$0.883176","$28,304,829,577","$1,825,053,947","#7","$3.09","$0.019252746946","$0.823097","$0.920604","$0.828475","$1.11"
"2022-02-22","21:35:31","Solana","https://www.coingecko.com/en/coins/solana","https://solana.com/","['Solana Ecosystem', 'Smart Contract Platform']","$85.66","$27,349,401,838","$1,761,771,052","#8","$259.96","$0.500801","$81.37","$87.64","$81.59","$104.84"
"2022-02-22","21:35:31","Terra","https://www.coingecko.com/en/coins/terra-luna","https://terra.money","['Fantom Ecosystem', 'Terra Ecosystem', 'Cosmos Ecosystem', 'Decentralized Finance (DeFi)', 'Smart Contract Platform']","$53.82","$20,809,912,444","$1,855,766,261","#9","$103.34","$0.121798","$48.71","$54.64","$47.80","$57.69"
"2022-02-22","21:35:31","Binance USD","https://www.coingecko.com/en/coins/binance-usd","https://www.paxos.com/busd/","['Moonbeam Ecosystem', 'Moonriver Ecosystem', 'Harmony Ecosystem', 'Fantom Ecosystem', 'Polygon Ecosystem', 'Avalanche Ecosystem', 'BNB Chain Ecosystem', 'USD Stablecoin', 'Stablecoins']","$1.00","$18,348,733,586","$3,766,565,598","#10","$1.15","$0.901127","$0.987285","$1.01","$0.987939","$1.01"
"2022-02-22","21:35:31","Avalanche","https://www.coingecko.com/en/coins/avalanche","https://www.avax.network/","['Moonbeam Ecosystem', 'Moonriver Ecosystem', 'Avalanche Ecosystem', 'Smart Contract Platform']","$73.04","$17,919,783,105","$1,117,898,844","#11","$144.96","$2.80","$67.59","$74.80","$67.59","$98.25"
"2022-02-22","21:35:31","Polkadot","https://www.coingecko.com/en/coins/polkadot","https://polkadot.network/","['Polkadot Ecosystem', 'Smart Contract Platform']","$16.33","$17,739,667,668","$907,187,064","#12","$54.98","$2.70","$15.88","$16.68","$15.90","$20.17"
"2022-02-22","21:35:31","Dogecoin","https://www.coingecko.com/en/coins/dogecoin","http://dogecoin.com/","['Meme Tokens', 'BNB Chain Ecosystem', 'Cryptocurrency']","$0.130889","$17,352,087,627","$693,345,687","#13","$0.731578","$0.000086903757","$0.125511","$0.135326","$0.125864","$0.151772"
"2022-02-22","21:35:31","Shiba Inu","https://www.coingecko.com/en/coins/shiba-inu","https://shibatoken.com/","['Meme Tokens', 'BNB Chain Ecosystem']","$0.000024675777","$13,541,483,962","$1,155,906,232","#14","$0.000086158837","$0.000000000056","$0.000023362056","$0.000025969442","$0.000023397782","$0.000032209290"
"2022-02-22","21:35:31","TerraUSD","https://www.coingecko.com/en/coins/terra-usd","https://terra.money","['Terra Ecosystem', 'Seigniorage', 'USD Stablecoin', 'Stablecoins']","$1.01","$12,275,580,195","$344,266,640","#15","$1.09","$0.857992","$0.992465","$1.01","$0.999517","$1.01"
"2022-02-22","21:35:31","Cronos","https://www.coingecko.com/en/coins/cronos","https://www.crypto.com/en/chain","['Centralized Exchange Token (CEX)', 'Cosmos Ecosystem', 'Exchange-based Tokens']","$0.399760","$10,082,430,242","$153,009,713","#16","$0.965407","$0.012119597670","$0.372269","$0.407124","$0.373087","$0.495802"
"2022-02-22","21:35:31","Wrapped Bitcoin","https://www.coingecko.com/en/coins/wrapped-bitcoin","https://www.wbtc.network/","['Moonbeam Ecosystem', 'Moonriver Ecosystem', 'Arbitrum Ecosystem', 'Fantom Ecosystem', 'Gnosis Chain Ecosystem', 'Polygon Ecosystem', 'Avalanche Ecosystem', 'Wrapped-Tokens', 'Tokenized BTC']","$38,028.05","$9,996,134,256","$291,127,367","#17","$70,643.40","$3,139.17","$36,521.17","$38,207.72","$36,575.49","$44,552.36"
"2022-02-22","21:35:31","Polygon","https://www.coingecko.com/en/coins/polygon","https://polygon.technology/","['Moonbeam Ecosystem', 'Moonriver Ecosystem', 'Polygon Ecosystem', 'BNB Chain Ecosystem', 'Smart Contract Platform']","$1.44","$9,882,138,917","$1,178,786,385","#18","$2.92","$0.003143762979","$1.36","$1.49","$1.36","$1.86"
"2022-02-22","21:35:31","Dai","https://www.coingecko.com/en/coins/dai","https://makerdao.com/","['Moonbeam Ecosystem', 'Moonriver Ecosystem', 'Arbitrum Ecosystem', 'Fantom Ecosystem', 'Near Protocol Ecosystem', 'Polygon Ecosystem', 'Avalanche Ecosystem', 'BNB Chain Ecosystem', 'USD Stablecoin', 'Decentralized Finance (DeFi)', 'Stablecoins']","$1.00","$9,664,890,622","$347,707,491","#19","$1.22","$0.903243","$0.995775","$1.01","$0.997764","$1.00"
"2022-02-22","21:35:31","Litecoin","https://www.coingecko.com/en/coins/litecoin","https://litecoin.org","['Cryptocurrency']","$106.34","$7,408,642,691","$819,955,758","#20","$410.26","$1.15","$101.13","$109.61","$101.72","$131.69"
"2022-02-22","21:35:31","Cosmos","https://www.coingecko.com/en/coins/cosmos","http://cosmos.network/","['Cosmos Ecosystem', 'BNB Chain Ecosystem', 'Cryptocurrency']","$24.58","$7,091,319,555","$616,577,788","#21","$44.45","$1.16","$23.29","$25.51","$23.46","$30.47"
"2022-02-22","21:35:31","Chainlink","https://www.coingecko.com/en/coins/chainlink","https://chain.link/","['Cardano Ecosystem', 'Arbitrum Ecosystem', 'Fantom Ecosystem', 'Gnosis Chain Ecosystem', 'Near Protocol Ecosystem', 'Polygon Ecosystem', 'Avalanche Ecosystem', 'Solana Ecosystem', 'BNB Chain Ecosystem', 'Polkadot Ecosystem', 'Oracle', 'Decentralized Finance (DeFi)', 'Smart Contract Platform', 'Infrastructure', 'Business Services']","$13.99","$6,528,871,467","$687,391,283","#22","$52.70","$0.148183","$13.21","$14.27","$13.21","$17.35"
"2022-02-22","21:35:31","TRON","https://www.coingecko.com/en/coins/tron","https://tron.network","['Smart Contract Platform']","$0.062514309676","$6,354,650,077","$803,069,027","#23","$0.231673","$0.001804341635","$0.059498141069","$0.062547520153","$0.059569697038","$0.067035582008"
"2022-02-22","21:35:31","FTX Token","https://www.coingecko.com/en/coins/ftx-token","https://ftx.com","['Centralized Exchange Token (CEX)', 'Exchange-based Tokens']","$41.25","$5,679,189,185","$119,253,185","#24","$84.18","$1.15","$39.20","$41.61","$39.39","$47.18"
"2022-02-22","21:35:31","Near","https://www.coingecko.com/en/coins/near","https://nearprotocol.com/","['Near Protocol Ecosystem', 'Smart Contract Platform']","$8.70","$5,561,265,476","$314,720,914","#25","$20.44","$0.526762","$8.26","$9.12","$8.27","$11.69"
"2022-02-22","21:35:31","Bitcoin Cash","https://www.coingecko.com/en/coins/bitcoin-cash","https://bch.info/","['Cryptocurrency']","$290.79","$5,518,403,785","$1,347,123,894","#26","$3,785.82","$76.93","$279.20","$298.32","$279.36","$342.87"
"2022-02-22","21:35:31","LEO Token","https://www.coingecko.com/en/coins/leo-token","https://www.bitfinex.com/","['Centralized Exchange Token (CEX)', 'Exchange-based Tokens']","$5.82","$5,476,726,654","$453,881","#27","$8.14","$0.799859","$5.76","$5.91","$5.53","$6.00"
"2022-02-22","21:35:31","Algorand","https://www.coingecko.com/en/coins/algorand","https://algorand.foundation/","['Smart Contract Platform', 'Cryptocurrency']","$0.803030","$5,314,186,780","$175,681,221","#28","$3.56","$0.105336","$0.762802","$0.832825","$0.763852","$1.00"
"2022-02-22","21:35:31","Lido Staked Ether","https://www.coingecko.com/en/coins/lido-staked-ether","https://www.lido.fi","['Eth 2.0 Staking', 'Decentralized Finance (DeFi)']","$2,617.50","$5,066,450,143","$21,586,381","#29","$4,829.57","$482.90","$2,507.04","$2,651.56","$2,513.79","$3,180.53"
"2022-02-22","21:35:31","OKB","https://www.coingecko.com/en/coins/okb","https://www.okex.com/okb","['Centralized Exchange Token (CEX)', 'Exchange-based Tokens']","$17.57","$4,612,194,484","$170,325,612","#30","$44.01","$0.580608","$16.78","$19.05","$16.88","$21.65"
"2022-02-22","21:35:31","Stellar","https://www.coingecko.com/en/coins/stellar","https://www.stellar.org/","['Smart Contract Platform', 'Cryptocurrency']","$0.184190","$4,593,570,862","$325,731,107","#31","$0.875563","$0.000476123392","$0.175006","$0.191288","$0.175323","$0.225566"
"2022-02-22","21:35:31","Hedera","https://www.coingecko.com/en/coins/hedera","https://www.hedera.com/","['Protocol']","$0.231021","$4,535,382,300","$193,676,561","#32","$0.569229","$0.009861110424","$0.196412","$0.233390","$0.197047","$0.262410"
"2022-02-22","21:35:31","Uniswap","https://www.coingecko.com/en/coins/uniswap","https://uniswap.org/","['Arbitrum Ecosystem', 'Gnosis Chain Ecosystem', 'Polygon Ecosystem', 'Avalanche Ecosystem', 'BNB Chain Ecosystem', 'Automated Market Maker (AMM)', 'Yield Farming', 'Governance', 'Decentralized Finance (DeFi)', 'Exchange-based Tokens', 'Decentralized Exchange Token (DEX)']","$8.77","$4,003,864,253","$221,564,847","#33","$44.92","$1.03","$8.22","$9.17","$8.24","$11.46"
"2022-02-22","21:35:31","Fantom","https://www.coingecko.com/en/coins/fantom","http://fantom.foundation","['Moonriver Ecosystem', 'Fantom Ecosystem', 'BNB Chain Ecosystem', 'Smart Contract Platform', 'Infrastructure']","$1.57","$3,984,470,799","$815,919,698","#34","$3.46","$0.001902269746","$1.49","$1.68","$1.49","$2.13"
"2022-02-22","21:35:31","Decentraland","https://www.coingecko.com/en/coins/decentraland","https://decentraland.org/","['Play To Earn', 'Polygon Ecosystem', 'Metaverse', 'Non-Fungible Tokens (NFT)', 'Entertainment']","$2.58","$3,873,238,636","$935,359,635","#35","$5.85","$0.009236807947","$2.42","$2.69","$2.42","$3.37"
"2022-02-22","21:35:31","Internet Computer","https://www.coingecko.com/en/coins/internet-computer","https://dfinity.org/","['Smart Contract Platform']","$17.69","$3,656,922,570","$235,668,960","#36","$700.65","$17.04","$17.04","$18.64","$17.05","$22.26"
"2022-02-22","21:35:31","Axie Infinity","https://www.coingecko.com/en/coins/axie-infinity","https://axieinfinity.com/","['Play To Earn', 'Metaverse', 'Axie Infinity', 'Non-Fungible Tokens (NFT)', 'GameFi']","$50.89","$3,612,887,247","$369,001,805","#37","$164.90","$0.123718","$46.54","$51.44","$46.80","$65.50"
"2022-02-22","21:35:31","Ethereum Classic","https://www.coingecko.com/en/coins/ethereum-classic","http://ethereumclassic.org","['Smart Contract Platform']","$26.39","$3,508,245,844","$378,877,999","#38","$167.09","$0.615038","$24.81","$26.65","$24.86","$33.53"
"2022-02-22","21:35:31","The Sandbox","https://www.coingecko.com/en/coins/the-sandbox","https://www.sandbox.game/en/","['Play To Earn', 'Near Protocol Ecosystem', 'Polygon Ecosystem', 'Metaverse', 'Non-Fungible Tokens (NFT)', 'GameFi']","$3.11","$3,382,679,853","$903,741,509","#39","$8.40","$0.028977638794","$2.86","$3.17","$2.88","$4.41"
"2022-02-22","21:35:31","Elrond","https://www.coingecko.com/en/coins/elrond","https://elrond.com","['Smart Contract Platform', 'Protocol']","$149.35","$3,268,893,678","$161,762,384","#40","$545.64","$6.51","$146.50","$155.57","$146.59","$195.70"
"2022-02-22","21:35:31","Klaytn","https://www.coingecko.com/en/coins/klaytn","https://www.klaytn.foundation","[]","$1.23","$3,241,210,782","$46,806,334","#41","$4.34","$0.060439541714","$1.17","$1.25","$1.18","$1.36"
"2022-02-22","21:35:31","Filecoin","https://www.coingecko.com/en/coins/filecoin","https://filecoin.io/","['Storage', 'Infrastructure']","$18.97","$3,167,527,920","$352,692,352","#42","$236.84","$16.76","$18.19","$19.56","$18.25","$23.37"
"2022-02-22","21:35:31","VeChain","https://www.coingecko.com/en/coins/vechain","https://www.vechain.org","['Smart Contract Platform', 'Business Platform', 'Internet of Things (IOT)', 'Artificial Intelligence']","$0.046396883398","$3,095,296,200","$330,234,479","#43","$0.280991","$0.001917133347","$0.044374833081","$0.048027837209","$0.044475351378","$0.061512049830"
"2022-02-22","21:35:31","cDAI","https://www.coingecko.com/en/coins/compound-dai","https://compound.finance/","['Compound Tokens', 'Decentralized Finance (DeFi)', 'Asset-backed Tokens']","$0.021907891253","$2,916,559,701","$4,905,504","#44","$0.031590866707","$0.007288543746","$0.021671591530","$0.022017629859","$0.021671591530","$0.022004312429"
"2022-02-22","21:35:31","Theta Network","https://www.coingecko.com/en/coins/theta-network","https://www.thetatoken.org/","['Non-Fungible Tokens (NFT)', 'Entertainment']","$2.85","$2,843,104,651","$201,730,831","#45","$15.72","$0.040399794597","$2.62","$2.88","$2.62","$4.02"
"2022-02-22","21:35:31","Magic Internet Money","https://www.coingecko.com/en/coins/magic-internet-money","https://abracadabra.money/ ","['Moonriver Ecosystem', 'Arbitrum Ecosystem', 'Fantom Ecosystem', 'Polygon Ecosystem', 'Avalanche Ecosystem', 'Decentralized Finance (DeFi)', 'Stablecoins']","$0.997400","$2,778,055,154","$78,816,968","#46","$1.04","$0.919196","$0.979807","$1.00","$0.979807","$1.00"
"2022-02-22","21:35:31","Monero","https://www.coingecko.com/en/coins/monero","https://getmonero.org","['Privacy Coins']","$149.17","$2,694,036,334","$121,077,231","#47","$542.33","$0.216177","$141.40","$152.84","$141.63","$182.89"
"2022-02-22","21:35:31","Frax","https://www.coingecko.com/en/coins/frax","https://frax.finance","['Moonriver Ecosystem', 'Polygon Ecosystem', 'Avalanche Ecosystem', 'Seigniorage', 'BNB Chain Ecosystem', 'USD Stablecoin', 'Decentralized Finance (DeFi)', 'Stablecoins']","$1.00","$2,658,615,747","$21,125,387","#48","$1.14","$0.891635","$0.993799","$1.01","$0.996111","$1.00"
"2022-02-22","21:35:31","ECOMI","https://www.coingecko.com/en/coins/ecomi","https://www.ecomi.com/","['Collectibles', 'Non-Fungible Tokens (NFT)']","$0.004562684076","$2,649,832,402","$7,328,522","#50","$0.013435720393","$0.000003370953","$0.004252412428","$0.005094876548","$0.004293534824","$0.006581598616"
"2022-02-22","21:35:31","Tezos","https://www.coingecko.com/en/coins/tezos","https://www.tezos.com/","['Smart Contract Platform']","$3.02","$2,645,315,207","$204,493,266","#49","$9.12","$0.350476","$2.84","$3.22","$2.87","$4.16"
"2022-02-22","21:35:31","cETH","https://www.coingecko.com/en/coins/compound-ether","https://compound.finance/","['Compound Tokens', 'Decentralized Finance (DeFi)', 'Asset-backed Tokens', 'Finance / Banking']","$52.54","$2,590,202,158","$116,049,468","#51","$97.75","$1.89","$50.34","$53.42","$50.46","$63.87"
"2022-02-22","21:35:31","cUSDC","https://www.coingecko.com/en/coins/compound-usd-coin","https://compound.finance/","['Compound Tokens', 'Decentralized Finance (DeFi)', 'Asset-backed Tokens', 'Finance / Banking']","$0.022516685705","$2,541,758,427","$19,444,154","#52","$0.058843413525","$0.006207054344","$0.022382183324","$0.022652581282","$0.022419694802","$0.022640529618"
"2022-02-22","21:35:31","Osmosis","https://www.coingecko.com/en/coins/osmosis","https://osmosis.zone/","['Cosmos Ecosystem', 'Automated Market Maker (AMM)', 'Decentralized Finance (DeFi)', 'Decentralized Exchange Token (DEX)']","$8.21","$2,493,501,749","$83,944,175","#53","$10.96","$1.24","$7.87","$8.50","$7.91","$9.31"
"2022-02-22","21:35:31","Helium","https://www.coingecko.com/en/coins/helium","https://www.helium.com/","['Internet of Things (IOT)', 'Communication']","$22.87","$2,299,435,631","$21,849,548","#54","$54.88","$0.113248","$20.92","$23.17","$21.08","$28.13"
"2022-02-22","21:35:31","The Graph","https://www.coingecko.com/en/coins/the-graph","https://thegraph.com/","['Arbitrum Ecosystem', 'Gnosis Chain Ecosystem', 'Near Protocol Ecosystem', 'Polygon Ecosystem', 'Avalanche Ecosystem', 'Solana Ecosystem', 'BNB Chain Ecosystem', 'Analytics', 'Decentralized Finance (DeFi)', 'Infrastructure', 'Business Services']","$0.372402","$2,289,824,717","$108,307,018","#55","$2.84","$0.103254","$0.350973","$0.382905","$0.353624","$0.507922"
"2022-02-22","21:35:31","EOS","https://www.coingecko.com/en/coins/eos","https://eos.io/","['Smart Contract Platform']","$2.15","$2,115,218,975","$373,965,446","#56","$22.71","$0.502400","$2.06","$2.21","$2.06","$2.58"
"2022-02-22","21:35:31","BitTorrent [OLD]","https://www.coingecko.com/en/coins/bittorrent-old","https://www.bittorrent.com/btt/","['BNB Chain Ecosystem', 'Storage', 'Protocol']","$0.001869971193","$2,106,847,046","$50,547.72","#57","$0.013566264635","$0.000138142882","$0.001295405793","$0.001895850997","$0.001312310799","$0.002218378606"
"2022-02-22","21:35:31","IOTA","https://www.coingecko.com/en/coins/iota","http://iota.org/","['Smart Contract Platform', 'Internet of Things (IOT)']","$0.746237","$2,075,593,378","$41,438,861","#58","$5.25","$0.081637373017","$0.700242","$0.755991","$0.705979","$0.914022"
"2022-02-22","21:35:31","PancakeSwap","https://www.coingecko.com/en/coins/pancakeswap","https://pancakeswap.finance/","['BNB Chain Ecosystem', 'Automated Market Maker (AMM)', 'Yield Farming', 'Governance', 'Decentralized Finance (DeFi)', 'Exchange-based Tokens', 'Decentralized Exchange Token (DEX)']","$7.16","$1,929,882,433","$105,242,657","#59","$43.96","$0.194441","$6.75","$7.17","$6.76","$8.32"
"2022-02-22","21:35:31","Theta Fuel","https://www.coingecko.com/en/coins/theta-fuel","https://www.thetatoken.org/","[]","$0.163896","$1,886,178,774","$76,212,824","#60","$0.681590","$0.000908039361","$0.153130","$0.177885","$0.154953","$0.231889"
"2022-02-22","21:35:31","Flow","https://www.coingecko.com/en/coins/flow","https://flow.com","['Non-Fungible Tokens (NFT)', 'Sports']","$5.53","$1,821,975,753","$115,076,190","#61","$42.40","$4.33","$5.13","$5.64","$5.15","$7.52"
"2022-02-22","21:35:31","Aave","https://www.coingecko.com/en/coins/aave","https://app.aave.com/?referral=93","['Near Protocol Ecosystem', 'Polygon Ecosystem', 'Avalanche Ecosystem', 'Lending/Borrowing', 'Yield Farming', 'Governance', 'Decentralized Finance (DeFi)']","$132.60","$1,806,130,613","$135,667,878","#62","$661.69","$26.02","$126.52","$136.62","$126.76","$173.45"
"2022-02-22","21:35:31","BitTorrent","https://www.coingecko.com/en/coins/bittorrent","https://www.bittorrent.com/btt/","[]","$0.000001931077","$1,800,724,261","$118,085,631","#63","$0.000003431340","$0.000001783240","$0.000001879289","$0.000001982560","$0.000001884477","$0.000002225939"
"2022-02-22","21:35:31","Gala","https://www.coingecko.com/en/coins/gala","https://gala.games/","['Play To Earn', 'Polygon Ecosystem', 'Non-Fungible Tokens (NFT)', 'GameFi']","$0.235245","$1,773,935,920","$965,744,935","#64","$0.824837","$0.000134749329","$0.217141","$0.240293","$0.217887","$0.354500"
"2022-02-22","21:35:31","Maker","https://www.coingecko.com/en/coins/maker","https://makerdao.com/","['Near Protocol Ecosystem', 'Avalanche Ecosystem', 'Lending/Borrowing', 'Governance', 'Decentralized Finance (DeFi)']","$1,786.21","$1,608,685,787","$60,956,248","#65","$6,292.31","$168.36","$1,648.47","$1,829.52","$1,648.47","$2,170.27"
"2022-02-22","21:35:31","Harmony","https://www.coingecko.com/en/coins/harmony","https://harmony.one/","['Harmony Ecosystem', 'Smart Contract Platform', 'Protocol']","$0.135928","$1,591,017,322","$106,482,425","#66","$0.379020","$0.001273552088","$0.129921","$0.146354","$0.130233","$0.195945"
"2022-02-22","21:35:31","Bitcoin SV","https://www.coingecko.com/en/coins/bitcoin-sv","https://bitcoinsv.com/","[]","$82.52","$1,564,981,364","$60,050,071","#67","$489.75","$42.02","$79.77","$84.01","$79.99","$97.71"
"2022-02-22","21:35:31","Huobi BTC","https://www.coingecko.com/en/coins/huobi-btc","https://www.hbtc.finance/zh-cn/","['Tokenized BTC']","$37,944.22","$1,513,370,255","$2,615,916","#68","$69,325.07","$11,209.02","$36,681.92","$38,523.06","$36,702.94","$44,395.68"
"2022-02-22","21:35:31","Quant","https://www.coingecko.com/en/coins/quant","https://www.quant.network","['Protocol']","$111.33","$1,491,511,352","$63,614,010","#69","$427.42","$0.215773","$100.87","$112.98","$102.31","$133.41"
"2022-02-22","21:35:31","Huobi Token","https://www.coingecko.com/en/coins/huobi-token","https://www.hbg.com","['Centralized Exchange Token (CEX)', 'Exchange-based Tokens']","$9.20","$1,437,096,016","$54,581,832","#71","$39.66","$0.908620","$9.09","$9.66","$9.13","$9.99"
"2022-02-22","21:35:31","NEO","https://www.coingecko.com/en/coins/neo","https://neo.org/","['Smart Contract Platform']","$20.38","$1,436,418,240","$185,757,569","#70","$198.38","$0.078349400000","$19.46","$21.51","$19.46","$27.14"
"2022-02-22","21:35:31","TrueUSD","https://www.coingecko.com/en/coins/true-usd","https://trueusd.com/","['Arbitrum Ecosystem', 'Fantom Ecosystem', 'Near Protocol Ecosystem', 'Polygon Ecosystem', 'Avalanche Ecosystem', 'BNB Chain Ecosystem', 'USD Stablecoin', 'Stablecoins']","$1.00","$1,432,278,782","$81,132,672","#72","$1.62","$0.883550","$0.992888","$1.01","$0.993057","$1.01"
"2022-02-22","21:35:31","KuCoin Token","https://www.coingecko.com/en/coins/kucoin-shares","https://www.kucoin.com/ucenter/signup?rcode=e21sNJ","['Centralized Exchange Token (CEX)', 'Exchange-based Tokens']","$18.71","$1,424,613,814","$13,222,598","#73","$28.83","$0.342863","$17.78","$18.97","$17.85","$21.02"
"2022-02-22","21:35:31","eCash","https://www.coingecko.com/en/coins/ecash","https://e.cash/","['Arbitrum Ecosystem']","$0.000072072146","$1,368,513,942","$19,496,003","#74","$0.000380013258","$0.000018469911","$0.000067798815","$0.000074767666","$0.000067837363","$0.000088636296"
"2022-02-22","21:35:31","Enjin Coin","https://www.coingecko.com/en/coins/enjin-coin","https://enjin.io/","['Metaverse', 'Non-Fungible Tokens (NFT)', 'GameFi', 'Entertainment']","$1.44","$1,346,496,118","$181,089,254","#75","$4.82","$0.018659642845","$1.35","$1.49","$1.36","$2.00"
"2022-02-22","21:35:31","Celsius Network","https://www.coingecko.com/en/coins/celsius-network-token","https://celsius.network/","['Lending/Borrowing', 'Business Services']","$3.09","$1,309,622,239","$2,671,720","#77","$8.05","$0.026202679501","$3.01","$3.19","$3.01","$3.61"
"2022-02-22","21:35:31","Humans.ai","https://www.coingecko.com/en/coins/humans-ai","https://humans.ai","[]","$0.133387","$1,309,127,902","$676,046","#76","$0.278557","$0.105344","$0.132882","$0.138493","$0.133250","$0.165911"
"2022-02-22","21:35:31","Arweave","https://www.coingecko.com/en/coins/arweave","https://arweave.org/","['Storage']","$25.99","$1,301,228,213","$32,768,685","#78","$89.24","$0.298788","$23.58","$27.14","$23.89","$35.32"
"2022-02-22","21:35:31","Amp","https://www.coingecko.com/en/coins/amp","https://amptoken.org","['Governance', 'Decentralized Finance (DeFi)']","$0.026430792976","$1,268,328,566","$14,266,403","#79","$0.120813","$0.002505011846","$0.024470431788","$0.027362477526","$0.024517606123","$0.033386878742"
"2022-02-22","21:35:31","JUNO","https://www.coingecko.com/en/coins/juno-network","https://www.junonetwork.io/","[]","$28.51","$1,254,051,443","$5,379,068","#80","$32.12","$7.53","$27.00","$29.38","$27.19","$31.30"
"2022-02-22","21:35:31","Zcash","https://www.coingecko.com/en/coins/zcash","https://z.cash/","['Privacy Coins']","$101.57","$1,232,895,980","$170,720,865","#81","$3,191.93","$19.75","$95.54","$107.46","$95.83","$125.94"
"2022-02-22","21:35:31","BitDAO","https://www.coingecko.com/en/coins/bitdao","https://www.bitdao.io/","[]","$1.41","$1,214,202,245","$102,134,722","#82","$3.10","$1.18","$1.39","$1.45","$1.39","$1.79"
"2022-02-22","21:35:31","Stacks","https://www.coingecko.com/en/coins/stacks","http://stacks.co/","['Smart Contract Platform', 'Infrastructure']","$1.14","$1,193,818,375","$31,480,999","#83","$3.39","$0.045596392365","$1.07","$1.21","$1.07","$1.59"
"2022-02-22","21:35:31","Radix","https://www.coingecko.com/en/coins/radix","https://www.radixdlt.com/","['Smart Contract Platform']","$0.122404","$1,187,449,015","$724,136","#84","$0.651264","$0.086235267822","$0.115659","$0.127661","$0.118167","$0.181039"
"2022-02-22","21:35:31","Kusama","https://www.coingecko.com/en/coins/kusama","https://kusama.network/","['Polkadot Ecosystem']","$129.07","$1,161,503,557","$46,598,049","#85","$621.71","$0.876572","$123.20","$134.33","$124.09","$176.78"
"2022-02-22","21:35:31","THORChain","https://www.coingecko.com/en/coins/thorchain","https://thorchain.org/","['Cosmos Ecosystem', 'Decentralized Finance (DeFi)', 'Exchange-based Tokens', 'Infrastructure', 'Decentralized Exchange Token (DEX)']","$3.61","$1,084,028,534","$38,748,727","#86","$20.87","$0.008512638584","$3.41","$3.73","$3.41","$4.64"
"2022-02-22","21:35:31","Convex Finance","https://www.coingecko.com/en/coins/convex-finance","https://www.convexfinance.com/","['Yield Aggregator', 'Decentralized Finance (DeFi)']","$20.97","$1,077,046,965","$16,184,185","#87","$60.09","$1.90","$20.09","$22.34","$20.09","$29.78"
"2022-02-22","21:35:31","Kadena","https://www.coingecko.com/en/coins/kadena","http://kadena.io","['Cosmos Ecosystem', 'Smart Contract Platform', 'Protocol']","$6.30","$1,075,490,384","$52,126,961","#88","$27.64","$0.065811370297","$5.83","$6.42","$5.85","$8.54"
"2022-02-22","21:35:31","Frax Share","https://www.coingecko.com/en/coins/frax-share","https://frax.finance","['Moonriver Ecosystem', 'Olympus Pro', 'Arbitrum Ecosystem', 'Fantom Ecosystem', 'Polygon Ecosystem', 'Avalanche Ecosystem', 'Seigniorage', 'BNB Chain Ecosystem', 'Decentralized Finance (DeFi)']","$18.56","$1,070,910,894","$6,346,071","#89","$42.80","$1.50","$18.42","$19.65","$18.45","$27.32"
"2022-02-22","21:35:31","NEXO","https://www.coingecko.com/en/coins/nexo","https://nexo.io/","['Fantom Ecosystem', 'Finance / Banking']","$1.88","$1,053,504,338","$6,554,540","#90","$4.07","$0.045152761714","$1.84","$1.95","$1.85","$2.27"
"2022-02-22","21:35:31","Pax Dollar","https://www.coingecko.com/en/coins/pax-dollar","https://www.paxos.com/standard/","['USD Stablecoin', 'Stablecoins']","$1.00","$1,032,486,791","$25,245,384","#91","$1.13","$0.863529","$0.995455","$1.01","$0.997831","$1.01"
"2022-02-22","21:35:31","Celo","https://www.coingecko.com/en/coins/celo","https://celo.org/","['Celo Ecosystem']","$2.49","$1,015,672,477","$40,793,820","#92","$9.82","$0.800156","$2.36","$2.51","$2.37","$3.16"
"2022-02-22","21:35:31","Basic Attention Token","https://www.coingecko.com/en/coins/basic-attention-token","https://basicattentiontoken.org/","[]","$0.675382","$1,009,302,259","$99,389,940","#93","$1.90","$0.072393805600","$0.637143","$0.691056","$0.638147","$0.860680"
"2022-02-22","21:35:31","Loopring","https://www.coingecko.com/en/coins/loopring","https://loopring.org/","['Decentralized Finance (DeFi)', 'Exchange-based Tokens', 'Decentralized Exchange Token (DEX)']","$0.788508","$982,012,804","$192,494,854","#94","$3.75","$0.019638932027","$0.735078","$0.812503","$0.738198","$0.984486"
"2022-02-22","21:35:31","Dash","https://www.coingecko.com/en/coins/dash","https://www.dash.org","['Masternodes', 'Cryptocurrency']","$92.44","$977,685,532","$186,676,545","#95","$1,493.59","$0.213899","$85.28","$93.31","$85.42","$118.40"
"2022-02-22","21:35:31","Chiliz","https://www.coingecko.com/en/coins/chiliz","https://www.chiliz.com/","['Non-Fungible Tokens (NFT)', 'Sports']","$0.175576","$938,463,856","$103,226,709","#96","$0.878633","$0.004108874547","$0.163514","$0.182704","$0.163587","$0.229572"
"2022-02-22","21:35:31","GateToken","https://www.coingecko.com/en/coins/gatetoken","https://gatechain.io/","['Centralized Exchange Token (CEX)', 'Exchange-based Tokens']","$6.15","$932,496,777","$4,404,838","#97","$12.94","$0.257540","$6.03","$6.22","$6.04","$6.92"
"2022-02-22","21:35:31","Curve DAO Token","https://www.coingecko.com/en/coins/curve-dao-token","https://www.curve.fi/","['Arbitrum Ecosystem', 'Gnosis Chain Ecosystem', 'Polygon Ecosystem', 'Automated Market Maker (AMM)', 'Yield Farming', 'Governance', 'Decentralized Finance (DeFi)', 'Exchange-based Tokens', 'Decentralized Exchange Token (DEX)']","$2.37","$925,611,271","$219,511,061","#98","$54.01","$0.331577","$2.24","$2.51","$2.24","$3.27"
"2022-02-22","21:35:31","Waves","https://www.coingecko.com/en/coins/waves","https://waves.tech/","['Solana Ecosystem', 'Smart Contract Platform']","$8.98","$898,152,357","$151,779,864","#99","$43.01","$0.130878","$8.36","$9.25","$8.37","$11.14"
"2022-02-22","21:35:31","NEM","https://www.coingecko.com/en/coins/nem","https://nem.io/","[]","$0.098047897213","$882,320,487","$25,276,871","#100","$1.87","$0.000084816701","$0.091352375330","$0.098035609638","$0.092254395221","$0.116714"
"2022-02-22","21:35:31","Secret","https://www.coingecko.com/en/coins/secret","https://scrt.network","['Cosmos Ecosystem', 'Privacy Coins', 'Smart Contract Platform']","$5.31","$870,472,327","$14,571,413","#101","$10.38","$0.255219","$5.15","$5.63","$5.16","$6.83"
"2022-02-22","21:35:31","Smooth Love Potion","https://www.coingecko.com/en/coins/smooth-love-potion","https://axieinfinity.com/","['Play To Earn', 'Axie Infinity', 'Non-Fungible Tokens (NFT)', 'GameFi', 'Entertainment']","$0.017954118424","$638,414,378","$390,192,777","#117","$0.399727","$0.003127587348","$0.017504136052","$0.019792053119","$0.017525190370","$0.030198301518"
"2022-02-22","21:35:31","Qtum","https://www.coingecko.com/en/coins/qtum","https://qtum.org/en/","['Smart Contract Platform']","$5.98","$622,395,378","$115,308,329","#119","$100.22","$0.783142","$5.59","$6.10","$5.60","$7.94"
"2022-02-22","21:35:31","renBTC","https://www.coingecko.com/en/coins/renbtc","https://renproject.io/","['Wrapped-Tokens', 'Tokenized BTC', 'Decentralized Finance (DeFi)', 'Asset-backed Tokens']","$37,782.66","$614,013,631","$1,279,449","#120","$68,977.19","$8,877.48","$36,541.29","$38,078.13","$36,687.24","$44,279.51"
"2022-02-22","21:35:31","Olympus","https://www.coingecko.com/en/coins/olympus","https://olympusdao.finance/","['Rebase Tokens', 'Decentralized Finance (DeFi)', 'Asset-backed Tokens']","$54.03","$610,109,918","$16,491,228","#121","$1,415.26","$52.44","$52.44","$55.74","$52.64","$72.93"
"2022-02-22","21:35:31","Nexus Mutual","https://www.coingecko.com/en/coins/nexus-mutual","https://nexusmutual.io/","['Insurance', 'Decentralized Finance (DeFi)']","$88.10","$605,757,448","$345,943","#122","$185.97","$6.96","$84.55","$89.30","$84.61","$106.74"
"2022-02-22","21:35:31","Gnosis","https://www.coingecko.com/en/coins/gnosis","https://gnosis.io/","['Arbitrum Ecosystem', 'MEV Protection', 'Gnosis Chain Ecosystem', 'Prediction Markets', 'Decentralized Finance (DeFi)', 'Protocol', 'Decentralized Exchange Token (DEX)']","$321.44","$598,157,978","$1,229,770","#123","$644.20","$6.88","$310.31","$325.85","$311.26","$387.31"
"2022-02-22","21:35:31","1inch","https://www.coingecko.com/en/coins/1inch","https://1inch.io/","['Near Protocol Ecosystem', 'Polygon Ecosystem', 'Number', 'Avalanche Ecosystem', 'BNB Chain Ecosystem', 'Automated Market Maker (AMM)', 'Decentralized Finance (DeFi)', 'Exchange-based Tokens', 'Decentralized Exchange Token (DEX)']","$1.41","$583,650,281","$57,909,163","#124","$8.65","$0.767785","$1.32","$1.45","$1.33","$1.84"
"2022-02-22","21:35:31","Livepeer","https://www.coingecko.com/en/coins/livepeer","https://livepeer.org/","[]","$23.41","$582,762,341","$17,647,678","#124","$99.03","$0.354051","$21.67","$23.76","$21.76","$29.10"
"2022-02-22","21:35:31","Bancor Network Token","https://www.coingecko.com/en/coins/bancor-network","https://www.bancor.network/","['Automated Market Maker (AMM)', 'Decentralized Finance (DeFi)', 'Exchange-based Tokens', 'Decentralized Exchange Token (DEX)']","$2.24","$578,960,043","$27,150,384","#126","$10.72","$0.120935","$2.13","$2.26","$2.14","$2.72"
"2022-02-22","21:35:31","Marinade staked SOL","https://www.coingecko.com/en/coins/marinade-staked-sol","https://marinade.finance/","['Solana Ecosystem']","$88.29","$574,487,950","$40,549,640","#126","$3,541.84","$42.40","$84.24","$90.45","$84.77","$108.08"
"2022-02-22","21:35:31","Rally","https://www.coingecko.com/en/coins/rally","https://rally.io/","['Yield Farming', 'Social Money']","$0.231310","$569,436,805","$4,739,896","#128","$1.40","$0.045714426370","$0.225221","$0.241492","$0.225406","$0.404663"
"2022-02-22","21:35:31","Ravencoin","https://www.coingecko.com/en/coins/ravencoin","https://ravencoin.org/","['Cryptocurrency']","$0.054094375469","$565,504,937","$32,919,141","#129","$0.285218","$0.008932322954","$0.050122036082","$0.055496036761","$0.050214770570","$0.069930487315"
"2022-02-22","21:35:31","Zilliqa","https://www.coingecko.com/en/coins/zilliqa","https://www.zilliqa.com/","['Zilliqa Ecosystem', 'BNB Chain Ecosystem', 'Smart Contract Platform']","$0.040202434226","$560,986,467","$46,614,727","#130","$0.255376","$0.002396159831","$0.038659018822","$0.042641899263","$0.038706015008","$0.051585454429"
